Date,Day,Time,Content Type,Product,Instagram,Facebook,LinkedIn Personal,LinkedIn Business,X
2025-12-23,Monday,08:00,Strategic Marketing,RentFlex,"Strategic insight: Using RentFlex properly can maximize returns and growth. Many Nigerians miss out on Investment opportunities. RentFlex ensures you show proven results while avoiding common mistakes.

CTA: DM us or visit our website!
Hashtags: #NigeriaBusiness #Entrepreneurship #SmallBusinessSupport #BusinessGrowth #NigeriaStartups #BusinessServicesNG #GrowYourBusiness #NigerianEntrepreneurs #BusinessSolutions #StartUpNigeria #ScaleYourBusiness #MadeInNigeria #SupportLocalBusiness #BusinessStrategy #FinancialFreedomNG #TaxAdvisory #RegulatoryCompliance #BusinessSuccess #EntrepreneurLife #AfricanBusiness","Strategic insight: Using RentFlex properly can maximize returns and growth. Many Nigerians miss out on Investment opportunities. RentFlex ensures you show proven results while avoiding common mistakes.

CTA: DM us or visit our website!
Hashtags: #NigeriaBusiness #Entrepreneurship #SmallBusinessSupport #BusinessGrowth #NigeriaStartups #BusinessServicesNG #GrowYourBusiness #NigerianEntrepreneurs #BusinessSolutions #StartUpNigeria #ScaleYourBusiness #MadeInNigeria #SupportLocalBusiness #BusinessStrategy #FinancialFreedomNG #TaxAdvisory #RegulatoryCompliance #BusinessSuccess #EntrepreneurLife #AfricanBusiness","Strategic insight: Using RentFlex properly can maximize returns and growth. Many Nigerians miss out on Investment opportunities. RentFlex ensures you show proven results while avoiding common mistakes.

CTA: DM us or visit our website!
Hashtags: #NigeriaBusiness #Entrepreneurship #SmallBusinessSupport #BusinessGrowth #NigeriaStartups #BusinessServicesNG #GrowYourBusiness #NigerianEntrepreneurs #BusinessSolutions #StartUpNigeria #ScaleYourBusiness #MadeInNigeria #SupportLocalBusiness #BusinessStrategy #FinancialFreedomNG #TaxAdvisory #RegulatoryCompliance #BusinessSuccess #EntrepreneurLife #AfricanBusiness","Strategic insight: Using RentFlex properly can maximize returns and growth. Many Nigerians miss out on Investment opportunities. RentFlex ensures you show proven results while avoiding common mistakes.

CTA: DM us or visit our website!
Hashtags: #NigeriaBusiness #Entrepreneurship #SmallBusinessSupport #BusinessGrowth #NigeriaStartups #BusinessServicesNG #GrowYourBusiness #NigerianEntrepreneurs #BusinessSolutions #StartUpNigeria #ScaleYourBusiness #MadeInNigeria #SupportLocalBusiness #BusinessStrategy #FinancialFreedomNG #TaxAdvisory #RegulatoryCompliance #BusinessSuccess #EntrepreneurLife #AfricanBusiness","Strategic insight: Using RentFlex properly can maximize returns and growth. Many Nigerians miss out on Investment opportunities. RentFlex ensures you show proven results while avoiding common mistakes.

CTA: DM us or visit our website!
Hashtags: #NigeriaBusiness #Entrepreneurship #SmallBusinessSupport #BusinessGrowth #NigeriaStartups #BusinessServicesNG #GrowYourBusiness #NigerianEntrepreneurs #BusinessSolutions #StartUpNigeria #ScaleYourBusiness #MadeInNigeria #SupportLocalBusiness #BusinessStrategy #FinancialFreedomNG #TaxAdvisory #RegulatoryCompliance #BusinessSuccess #EntrepreneurLife #AfricanBusiness"
2025-12-23,Monday,13:00,Strategic Marketing,FlexPool,"Strategic insight: Using FlexPool properly can maximize returns and growth. Many Nigerians miss out on Investment opportunities. FlexPool ensures you gain status while avoiding common mistakes.

CTA: DM us or visit our website!
Hashtags: #NigeriaBusiness #Entrepreneurship #SmallBusinessSupport #BusinessGrowth #NigeriaStartups #BusinessServicesNG #GrowYourBusiness #NigerianEntrepreneurs #BusinessSolutions #StartUpNigeria #ScaleYourBusiness #MadeInNigeria #SupportLocalBusiness #BusinessStrategy #FinancialFreedomNG #TaxAdvisory #RegulatoryCompliance #BusinessSuccess #EntrepreneurLife #AfricanBusiness","Strategic insight: Using FlexPool properly can maximize returns and growth. Many Nigerians miss out on Investment opportunities. FlexPool ensures you gain status while avoiding common mistakes.

CTA: DM us or visit our website!
Hashtags: #NigeriaBusiness #Entrepreneurship #SmallBusinessSupport #BusinessGrowth #NigeriaStartups #BusinessServicesNG #GrowYourBusiness #NigerianEntrepreneurs #BusinessSolutions #StartUpNigeria #ScaleYourBusiness #MadeInNigeria #SupportLocalBusiness #BusinessStrategy #FinancialFreedomNG #TaxAdvisory #RegulatoryCompliance #BusinessSuccess #EntrepreneurLife #AfricanBusiness","Strategic insight: Using FlexPool properly can maximize returns and growth. Many Nigerians miss out on Investment opportunities. FlexPool ensures you gain status while avoiding common mistakes.

CTA: DM us or visit our website!
Hashtags: #NigeriaBusiness #Entrepreneurship #SmallBusinessSupport #BusinessGrowth #NigeriaStartups #BusinessServicesNG #GrowYourBusiness #NigerianEntrepreneurs #BusinessSolutions #StartUpNigeria #ScaleYourBusiness #MadeInNigeria #SupportLocalBusiness #BusinessStrategy #FinancialFreedomNG #TaxAdvisory #RegulatoryCompliance #BusinessSuccess #EntrepreneurLife #AfricanBusiness","Strategic insight: Using FlexPool properly can maximize returns and growth. Many Nigerians miss out on Investment opportunities. FlexPool ensures you gain status while avoiding common mistakes.

CTA: DM us or visit our website!
Hashtags: #NigeriaBusiness #Entrepreneurship #SmallBusinessSupport #BusinessGrowth #NigeriaStartups #BusinessServicesNG #GrowYourBusiness #NigerianEntrepreneurs #BusinessSolutions #StartUpNigeria #ScaleYourBusiness #MadeInNigeria #SupportLocalBusiness #BusinessStrategy #FinancialFreedomNG #TaxAdvisory #RegulatoryCompliance #BusinessSuccess #EntrepreneurLife #AfricanBusiness","Strategic insight: Using FlexPool properly can maximize returns and growth. Many Nigerians miss out on Investment opportunities. FlexPool ensures you gain status while avoiding common mistakes.

CTA: DM us or visit our website!
Hashtags: #NigeriaBusiness #Entrepreneurship #SmallBusinessSupport #BusinessGrowth #NigeriaStartups #BusinessServicesNG #GrowYourBusiness #NigerianEntrepreneurs #BusinessSolutions #StartUpNigeria #ScaleYourBusiness #MadeInNigeria #SupportLocalBusiness #BusinessStrategy #FinancialFreedomNG #TaxAdvisory #RegulatoryCompliance #BusinessSuccess #EntrepreneurLife #AfricanBusiness"
2025-12-23,Monday,19:00,Industry News,Ire II,"Latest Nigerian real estate and business trends: Ire II ensures you stay ahead and avoid risks.

CTA: DM us or visit our website!
Hashtags: #NigeriaBusiness #Entrepreneurship #SmallBusinessSupport #BusinessGrowth #NigeriaStartups #BusinessServicesNG #GrowYourBusiness #NigerianEntrepreneurs #BusinessSolutions #StartUpNigeria #ScaleYourBusiness #MadeInNigeria #SupportLocalBusiness #BusinessStrategy #FinancialFreedomNG #TaxAdvisory #RegulatoryCompliance #BusinessSuccess #EntrepreneurLife #AfricanBusiness","Latest Nigerian real estate and business trends: Ire II ensures you stay ahead and avoid risks.

CTA: DM us or visit our website!
Hashtags: #NigeriaBusiness #Entrepreneurship #SmallBusinessSupport #BusinessGrowth #NigeriaStartups #BusinessServicesNG #GrowYourBusiness #NigerianEntrepreneurs #BusinessSolutions #StartUpNigeria #ScaleYourBusiness #MadeInNigeria #SupportLocalBusiness #BusinessStrategy #FinancialFreedomNG #TaxAdvisory #RegulatoryCompliance #BusinessSuccess #EntrepreneurLife #AfricanBusiness","Latest Nigerian real estate and business trends: Ire II ensures you stay ahead and avoid risks.

CTA: DM us or visit our website!
Hashtags: #NigeriaBusiness #Entrepreneurship #SmallBusinessSupport #BusinessGrowth #NigeriaStartups #BusinessServicesNG #GrowYourBusiness #NigerianEntrepreneurs #BusinessSolutions #StartUpNigeria #ScaleYourBusiness #MadeInNigeria #SupportLocalBusiness #BusinessStrategy #FinancialFreedomNG #TaxAdvisory #RegulatoryCompliance #BusinessSuccess #EntrepreneurLife #AfricanBusiness","Latest Nigerian real estate and business trends: Ire II ensures you stay ahead and avoid risks.

CTA: DM us or visit our website!
Hashtags: #NigeriaBusiness #Entrepreneurship #SmallBusinessSupport #BusinessGrowth #NigeriaStartups #BusinessServicesNG #GrowYourBusiness #NigerianEntrepreneurs #BusinessSolutions #StartUpNigeria #ScaleYourBusiness #MadeInNigeria #SupportLocalBusiness #BusinessStrategy #FinancialFreedomNG #TaxAdvisory #RegulatoryCompliance #BusinessSuccess #EntrepreneurLife #AfricanBusiness","Latest Nigerian real estate and business trends: Ire II ensures you stay ahead and avoid risks.

CTA: DM us or visit our website!
Hashtags: #NigeriaBusiness #Entrepreneurship #SmallBusinessSupport #BusinessGrowth #NigeriaStartups #BusinessServicesNG #GrowYourBusiness #NigerianEntrepreneurs #BusinessSolutions #StartUpNigeria #ScaleYourBusiness #MadeInNigeria #SupportLocalBusiness #BusinessStrategy #FinancialFreedomNG #TaxAdvisory #RegulatoryCompliance #BusinessSuccess #EntrepreneurLife #AfricanBusiness"
2025-12-24,Tuesday,08:00,Tips,FlexPool,"Tip: Apply FlexPool to save time efficiently. Consistent action leads to results.

CTA: DM us or visit our website!
Hashtags: #NigeriaBusiness #Entrepreneurship #SmallBusinessSupport #BusinessGrowth #NigeriaStartups #BusinessServicesNG #GrowYourBusiness #NigerianEntrepreneurs #BusinessSolutions #StartUpNigeria #ScaleYourBusiness #MadeInNigeria #SupportLocalBusiness #BusinessStrategy #FinancialFreedomNG #TaxAdvisory #RegulatoryCompliance #BusinessSuccess #EntrepreneurLife #AfricanBusiness","Tip: Apply FlexPool to save time efficiently. Consistent action leads to results.

CTA: DM us or visit our website!
Hashtags: #NigeriaBusiness #Entrepreneurship #SmallBusinessSupport #BusinessGrowth #NigeriaStartups #BusinessServicesNG #GrowYourBusiness #NigerianEntrepreneurs #BusinessSolutions #StartUpNigeria #ScaleYourBusiness #MadeInNigeria #SupportLocalBusiness #BusinessStrategy #FinancialFreedomNG #TaxAdvisory #RegulatoryCompliance #BusinessSuccess #EntrepreneurLife #AfricanBusiness","Tip: Apply FlexPool to save time efficiently. Consistent action leads to results.

CTA: DM us or visit our website!
Hashtags: #NigeriaBusiness #Entrepreneurship #SmallBusinessSupport #BusinessGrowth #NigeriaStartups #BusinessServicesNG #GrowYourBusiness #NigerianEntrepreneurs #BusinessSolutions #StartUpNigeria #ScaleYourBusiness #MadeInNigeria #SupportLocalBusiness #BusinessStrategy #FinancialFreedomNG #TaxAdvisory #RegulatoryCompliance #BusinessSuccess #EntrepreneurLife #AfricanBusiness","Tip: Apply FlexPool to save time efficiently. Consistent action leads to results.

CTA: DM us or visit our website!
Hashtags: #NigeriaBusiness #Entrepreneurship #SmallBusinessSupport #BusinessGrowth #NigeriaStartups #BusinessServicesNG #GrowYourBusiness #NigerianEntrepreneurs #BusinessSolutions #StartUpNigeria #ScaleYourBusiness #MadeInNigeria #SupportLocalBusiness #BusinessStrategy #FinancialFreedomNG #TaxAdvisory #RegulatoryCompliance #BusinessSuccess #EntrepreneurLife #AfricanBusiness","Tip: Apply FlexPool to save time efficiently. Consistent action leads to results.

CTA: DM us or visit our website!
Hashtags: #NigeriaBusiness #Entrepreneurship #SmallBusinessSupport #BusinessGrowth #NigeriaStartups #BusinessServicesNG #GrowYourBusiness #NigerianEntrepreneurs #BusinessSolutions #StartUpNigeria #ScaleYourBusiness #MadeInNigeria #SupportLocalBusiness #BusinessStrategy #FinancialFreedomNG #TaxAdvisory #RegulatoryCompliance #BusinessSuccess #EntrepreneurLife #AfricanBusiness"
2025-12-24,Tuesday,13:00,Engagement Question,FarmWey,"Question: How would FarmWey help you save time? Comment your thoughts!

CTA: DM us or visit our website!
Hashtags: #NigeriaBusiness #Entrepreneurship #SmallBusinessSupport #BusinessGrowth #NigeriaStartups #BusinessServicesNG #GrowYourBusiness #NigerianEntrepreneurs #BusinessSolutions #StartUpNigeria #ScaleYourBusiness #MadeInNigeria #SupportLocalBusiness #BusinessStrategy #FinancialFreedomNG #TaxAdvisory #RegulatoryCompliance #BusinessSuccess #EntrepreneurLife #AfricanBusiness","Question: How would FarmWey help you save time? Comment your thoughts!

CTA: DM us or visit our website!
Hashtags: #NigeriaBusiness #Entrepreneurship #SmallBusinessSupport #BusinessGrowth #NigeriaStartups #BusinessServicesNG #GrowYourBusiness #NigerianEntrepreneurs #BusinessSolutions #StartUpNigeria #ScaleYourBusiness #MadeInNigeria #SupportLocalBusiness #BusinessStrategy #FinancialFreedomNG #TaxAdvisory #RegulatoryCompliance #BusinessSuccess #EntrepreneurLife #AfricanBusiness","Question: How would FarmWey help you save time? Comment your thoughts!

CTA: DM us or visit our website!
Hashtags: #NigeriaBusiness #Entrepreneurship #SmallBusinessSupport #BusinessGrowth #NigeriaStartups #BusinessServicesNG #GrowYourBusiness #NigerianEntrepreneurs #BusinessSolutions #StartUpNigeria #ScaleYourBusiness #MadeInNigeria #SupportLocalBusiness #BusinessStrategy #FinancialFreedomNG #TaxAdvisory #RegulatoryCompliance #BusinessSuccess #EntrepreneurLife #AfricanBusiness","Question: How would FarmWey help you save time? Comment your thoughts!

CTA: DM us or visit our website!
Hashtags: #NigeriaBusiness #Entrepreneurship #SmallBusinessSupport #BusinessGrowth #NigeriaStartups #BusinessServicesNG #GrowYourBusiness #NigerianEntrepreneurs #BusinessSolutions #StartUpNigeria #ScaleYourBusiness #MadeInNigeria #SupportLocalBusiness #BusinessStrategy #FinancialFreedomNG #TaxAdvisory #RegulatoryCompliance #BusinessSuccess #EntrepreneurLife #AfricanBusiness","Question: How would FarmWey help you save time? Comment your thoughts!

CTA: DM us or visit our website!
Hashtags: #NigeriaBusiness #Entrepreneurship #SmallBusinessSupport #BusinessGrowth #NigeriaStartups #BusinessServicesNG #GrowYourBusiness #NigerianEntrepreneurs #BusinessSolutions #StartUpNigeria #ScaleYourBusiness #MadeInNigeria #SupportLocalBusiness #BusinessStrategy #FinancialFreedomNG #TaxAdvisory #RegulatoryCompliance #BusinessSuccess #EntrepreneurLife #AfricanBusiness"
2025-12-24,Tuesday,19:00,Educational,RentFlex,"Many Nigerians miss out on Investment opportunities. RentFlex ensures you save time while avoiding common mistakes. Learn the benefits: The Rent Flex offers high returns to investors through monthly rental income. On the Rent Flex plan, investors can participate solo or through shared slots to fund property purchase, thereby maximizing the rental income.

Key Benefits:

SShort-Term Purchase to Income Cycle: Rental income starts being made between 1 to 3 months of property purchase.
High ROI: Estimated Rental Return of 8-12% annually (plus capital appreciation)
Solo Investment: Fund the entire project and retain full profits.
Shared Investment: Purchase slots starting at $10,000 and share returns proportionally
Special Purpose Vehicle (SPV): Investors who don’t have up to $10,000 can come together in an SPV created by the company to contribute collectively until it reaches $10,000, allowing them to join as a slot.
Wealth Preservation in USD: Secure your capital in a stable currency.

CTA: DM us or visit our website!
Hashtags: #NigeriaBusiness #Entrepreneurship #SmallBusinessSupport #BusinessGrowth #NigeriaStartups #BusinessServicesNG #GrowYourBusiness #NigerianEntrepreneurs #BusinessSolutions #StartUpNigeria #ScaleYourBusiness #MadeInNigeria #SupportLocalBusiness #BusinessStrategy #FinancialFreedomNG #TaxAdvisory #RegulatoryCompliance #BusinessSuccess #EntrepreneurLife #AfricanBusiness","Many Nigerians miss out on Investment opportunities. RentFlex ensures you save time while avoiding common mistakes. Learn the benefits: The Rent Flex offers high returns to investors through monthly rental income. On the Rent Flex plan, investors can participate solo or through shared slots to fund property purchase, thereby maximizing the rental income.

Key Benefits:

SShort-Term Purchase to Income Cycle: Rental income starts being made between 1 to 3 months of property purchase.
High ROI: Estimated Rental Return of 8-12% annually (plus capital appreciation)
Solo Investment: Fund the entire project and retain full profits.
Shared Investment: Purchase slots starting at $10,000 and share returns proportionally
Special Purpose Vehicle (SPV): Investors who don’t have up to $10,000 can come together in an SPV created by the company to contribute collectively until it reaches $10,000, allowing them to join as a slot.
Wealth Preservation in USD: Secure your capital in a stable currency.

CTA: DM us or visit our website!
Hashtags: #NigeriaBusiness #Entrepreneurship #SmallBusinessSupport #BusinessGrowth #NigeriaStartups #BusinessServicesNG #GrowYourBusiness #NigerianEntrepreneurs #BusinessSolutions #StartUpNigeria #ScaleYourBusiness #MadeInNigeria #SupportLocalBusiness #BusinessStrategy #FinancialFreedomNG #TaxAdvisory #RegulatoryCompliance #BusinessSuccess #EntrepreneurLife #AfricanBusiness","Many Nigerians miss out on Investment opportunities. RentFlex ensures you save time while avoiding common mistakes. Learn the benefits: The Rent Flex offers high returns to investors through monthly rental income. On the Rent Flex plan, investors can participate solo or through shared slots to fund property purchase, thereby maximizing the rental income.

Key Benefits:

SShort-Term Purchase to Income Cycle: Rental income starts being made between 1 to 3 months of property purchase.
High ROI: Estimated Rental Return of 8-12% annually (plus capital appreciation)
Solo Investment: Fund the entire project and retain full profits.
Shared Investment: Purchase slots starting at $10,000 and share returns proportionally
Special Purpose Vehicle (SPV): Investors who don’t have up to $10,000 can come together in an SPV created by the company to contribute collectively until it reaches $10,000, allowing them to join as a slot.
Wealth Preservation in USD: Secure your capital in a stable currency.

CTA: DM us or visit our website!
Hashtags: #NigeriaBusiness #Entrepreneurship #SmallBusinessSupport #BusinessGrowth #NigeriaStartups #BusinessServicesNG #GrowYourBusiness #NigerianEntrepreneurs #BusinessSolutions #StartUpNigeria #ScaleYourBusiness #MadeInNigeria #SupportLocalBusiness #BusinessStrategy #FinancialFreedomNG #TaxAdvisory #RegulatoryCompliance #BusinessSuccess #EntrepreneurLife #AfricanBusiness","Many Nigerians miss out on Investment opportunities. RentFlex ensures you save time while avoiding common mistakes. Learn the benefits: The Rent Flex offers high returns to investors through monthly rental income. On the Rent Flex plan, investors can participate solo or through shared slots to fund property purchase, thereby maximizing the rental income.

Key Benefits:

SShort-Term Purchase to Income Cycle: Rental income starts being made between 1 to 3 months of property purchase.
High ROI: Estimated Rental Return of 8-12% annually (plus capital appreciation)
Solo Investment: Fund the entire project and retain full profits.
Shared Investment: Purchase slots starting at $10,000 and share returns proportionally
Special Purpose Vehicle (SPV): Investors who don’t have up to $10,000 can come together in an SPV created by the company to contribute collectively until it reaches $10,000, allowing them to join as a slot.
Wealth Preservation in USD: Secure your capital in a stable currency.

CTA: DM us or visit our website!
Hashtags: #NigeriaBusiness #Entrepreneurship #SmallBusinessSupport #BusinessGrowth #NigeriaStartups #BusinessServicesNG #GrowYourBusiness #NigerianEntrepreneurs #BusinessSolutions #StartUpNigeria #ScaleYourBusiness #MadeInNigeria #SupportLocalBusiness #BusinessStrategy #FinancialFreedomNG #TaxAdvisory #RegulatoryCompliance #BusinessSuccess #EntrepreneurLife #AfricanBusiness","Many Nigerians miss out on Investment opportunities. RentFlex ensures you save time while avoiding common mistakes. Learn the benefits: The Rent Flex offers high returns to investors through monthly rental income. On the Rent Flex plan, investors can participate solo or thro...

CTA: DM us or visit our website!
Hashtags: #NigeriaBusiness #Entrepreneurship #SmallBusinessSupport #BusinessGrowth #NigeriaStartups #BusinessServicesNG #GrowYourBusiness #NigerianEntrepreneurs #BusinessSolutions #StartUpNigeria #ScaleYourBusiness #MadeInNigeria #SupportLocalBusiness #BusinessStrategy #FinancialFreedomNG #TaxAdvisory #RegulatoryCompliance #BusinessSuccess #EntrepreneurLife #AfricanBusiness"
2025-12-25,Wednesday,08:00,Educational,RentFlex,"Imagine wanting to avoid risks and being overwhelmed. With RentFlex, you can finally achieve your goals efficiently. Learn the benefits: The Rent Flex offers high returns to investors through monthly rental income. On the Rent Flex plan, investors can participate solo or through shared slots to fund property purchase, thereby maximizing the rental income.

Key Benefits:

SShort-Term Purchase to Income Cycle: Rental income starts being made between 1 to 3 months of property purchase.
High ROI: Estimated Rental Return of 8-12% annually (plus capital appreciation)
Solo Investment: Fund the entire project and retain full profits.
Shared Investment: Purchase slots starting at $10,000 and share returns proportionally
Special Purpose Vehicle (SPV): Investors who don’t have up to $10,000 can come together in an SPV created by the company to contribute collectively until it reaches $10,000, allowing them to join as a slot.
Wealth Preservation in USD: Secure your capital in a stable currency.

CTA: DM us or visit our website!
Hashtags: #NigeriaBusiness #Entrepreneurship #SmallBusinessSupport #BusinessGrowth #NigeriaStartups #BusinessServicesNG #GrowYourBusiness #NigerianEntrepreneurs #BusinessSolutions #StartUpNigeria #ScaleYourBusiness #MadeInNigeria #SupportLocalBusiness #BusinessStrategy #FinancialFreedomNG #TaxAdvisory #RegulatoryCompliance #BusinessSuccess #EntrepreneurLife #AfricanBusiness","Imagine wanting to avoid risks and being overwhelmed. With RentFlex, you can finally achieve your goals efficiently. Learn the benefits: The Rent Flex offers high returns to investors through monthly rental income. On the Rent Flex plan, investors can participate solo or through shared slots to fund property purchase, thereby maximizing the rental income.

Key Benefits:

SShort-Term Purchase to Income Cycle: Rental income starts being made between 1 to 3 months of property purchase.
High ROI: Estimated Rental Return of 8-12% annually (plus capital appreciation)
Solo Investment: Fund the entire project and retain full profits.
Shared Investment: Purchase slots starting at $10,000 and share returns proportionally
Special Purpose Vehicle (SPV): Investors who don’t have up to $10,000 can come together in an SPV created by the company to contribute collectively until it reaches $10,000, allowing them to join as a slot.
Wealth Preservation in USD: Secure your capital in a stable currency.

CTA: DM us or visit our website!
Hashtags: #NigeriaBusiness #Entrepreneurship #SmallBusinessSupport #BusinessGrowth #NigeriaStartups #BusinessServicesNG #GrowYourBusiness #NigerianEntrepreneurs #BusinessSolutions #StartUpNigeria #ScaleYourBusiness #MadeInNigeria #SupportLocalBusiness #BusinessStrategy #FinancialFreedomNG #TaxAdvisory #RegulatoryCompliance #BusinessSuccess #EntrepreneurLife #AfricanBusiness","Imagine wanting to avoid risks and being overwhelmed. With RentFlex, you can finally achieve your goals efficiently. Learn the benefits: The Rent Flex offers high returns to investors through monthly rental income. On the Rent Flex plan, investors can participate solo or through shared slots to fund property purchase, thereby maximizing the rental income.

Key Benefits:

SShort-Term Purchase to Income Cycle: Rental income starts being made between 1 to 3 months of property purchase.
High ROI: Estimated Rental Return of 8-12% annually (plus capital appreciation)
Solo Investment: Fund the entire project and retain full profits.
Shared Investment: Purchase slots starting at $10,000 and share returns proportionally
Special Purpose Vehicle (SPV): Investors who don’t have up to $10,000 can come together in an SPV created by the company to contribute collectively until it reaches $10,000, allowing them to join as a slot.
Wealth Preservation in USD: Secure your capital in a stable currency.

CTA: DM us or visit our website!
Hashtags: #NigeriaBusiness #Entrepreneurship #SmallBusinessSupport #BusinessGrowth #NigeriaStartups #BusinessServicesNG #GrowYourBusiness #NigerianEntrepreneurs #BusinessSolutions #StartUpNigeria #ScaleYourBusiness #MadeInNigeria #SupportLocalBusiness #BusinessStrategy #FinancialFreedomNG #TaxAdvisory #RegulatoryCompliance #BusinessSuccess #EntrepreneurLife #AfricanBusiness","Imagine wanting to avoid risks and being overwhelmed. With RentFlex, you can finally achieve your goals efficiently. Learn the benefits: The Rent Flex offers high returns to investors through monthly rental income. On the Rent Flex plan, investors can participate solo or through shared slots to fund property purchase, thereby maximizing the rental income.

Key Benefits:

SShort-Term Purchase to Income Cycle: Rental income starts being made between 1 to 3 months of property purchase.
High ROI: Estimated Rental Return of 8-12% annually (plus capital appreciation)
Solo Investment: Fund the entire project and retain full profits.
Shared Investment: Purchase slots starting at $10,000 and share returns proportionally
Special Purpose Vehicle (SPV): Investors who don’t have up to $10,000 can come together in an SPV created by the company to contribute collectively until it reaches $10,000, allowing them to join as a slot.
Wealth Preservation in USD: Secure your capital in a stable currency.

CTA: DM us or visit our website!
Hashtags: #NigeriaBusiness #Entrepreneurship #SmallBusinessSupport #BusinessGrowth #NigeriaStartups #BusinessServicesNG #GrowYourBusiness #NigerianEntrepreneurs #BusinessSolutions #StartUpNigeria #ScaleYourBusiness #MadeInNigeria #SupportLocalBusiness #BusinessStrategy #FinancialFreedomNG #TaxAdvisory #RegulatoryCompliance #BusinessSuccess #EntrepreneurLife #AfricanBusiness","Imagine wanting to avoid risks and being overwhelmed. With RentFlex, you can finally achieve your goals efficiently. Learn the benefits: The Rent Flex offers high returns to investors through monthly rental income. On the Rent Flex plan, investors can participate solo or thr...

CTA: DM us or visit our website!
Hashtags: #NigeriaBusiness #Entrepreneurship #SmallBusinessSupport #BusinessGrowth #NigeriaStartups #BusinessServicesNG #GrowYourBusiness #NigerianEntrepreneurs #BusinessSolutions #StartUpNigeria #ScaleYourBusiness #MadeInNigeria #SupportLocalBusiness #BusinessStrategy #FinancialFreedomNG #TaxAdvisory #RegulatoryCompliance #BusinessSuccess #EntrepreneurLife #AfricanBusiness"
2025-12-25,Wednesday,13:00,Promotional,FlexPool,"Soft promotion: FlexPool can help you gain status. Our team at VannieJay Business Services guides you every step of the way!

CTA: DM us or visit our website!
Hashtags: #NigeriaBusiness #Entrepreneurship #SmallBusinessSupport #BusinessGrowth #NigeriaStartups #BusinessServicesNG #GrowYourBusiness #NigerianEntrepreneurs #BusinessSolutions #StartUpNigeria #ScaleYourBusiness #MadeInNigeria #SupportLocalBusiness #BusinessStrategy #FinancialFreedomNG #TaxAdvisory #RegulatoryCompliance #BusinessSuccess #EntrepreneurLife #AfricanBusiness","Soft promotion: FlexPool can help you gain status. Our team at VannieJay Business Services guides you every step of the way!

CTA: DM us or visit our website!
Hashtags: #NigeriaBusiness #Entrepreneurship #SmallBusinessSupport #BusinessGrowth #NigeriaStartups #BusinessServicesNG #GrowYourBusiness #NigerianEntrepreneurs #BusinessSolutions #StartUpNigeria #ScaleYourBusiness #MadeInNigeria #SupportLocalBusiness #BusinessStrategy #FinancialFreedomNG #TaxAdvisory #RegulatoryCompliance #BusinessSuccess #EntrepreneurLife #AfricanBusiness","Soft promotion: FlexPool can help you gain status. Our team at VannieJay Business Services guides you every step of the way!

CTA: DM us or visit our website!
Hashtags: #NigeriaBusiness #Entrepreneurship #SmallBusinessSupport #BusinessGrowth #NigeriaStartups #BusinessServicesNG #GrowYourBusiness #NigerianEntrepreneurs #BusinessSolutions #StartUpNigeria #ScaleYourBusiness #MadeInNigeria #SupportLocalBusiness #BusinessStrategy #FinancialFreedomNG #TaxAdvisory #RegulatoryCompliance #BusinessSuccess #EntrepreneurLife #AfricanBusiness","Soft promotion: FlexPool can help you gain status. Our team at VannieJay Business Services guides you every step of the way!

CTA: DM us or visit our website!
Hashtags: #NigeriaBusiness #Entrepreneurship #SmallBusinessSupport #BusinessGrowth #NigeriaStartups #BusinessServicesNG #GrowYourBusiness #NigerianEntrepreneurs #BusinessSolutions #StartUpNigeria #ScaleYourBusiness #MadeInNigeria #SupportLocalBusiness #BusinessStrategy #FinancialFreedomNG #TaxAdvisory #RegulatoryCompliance #BusinessSuccess #EntrepreneurLife #AfricanBusiness","Soft promotion: FlexPool can help you gain status. Our team at VannieJay Business Services guides you every step of the way!

CTA: DM us or visit our website!
Hashtags: #NigeriaBusiness #Entrepreneurship #SmallBusinessSupport #BusinessGrowth #NigeriaStartups #BusinessServicesNG #GrowYourBusiness #NigerianEntrepreneurs #BusinessSolutions #StartUpNigeria #ScaleYourBusiness #MadeInNigeria #SupportLocalBusiness #BusinessStrategy #FinancialFreedomNG #TaxAdvisory #RegulatoryCompliance #BusinessSuccess #EntrepreneurLife #AfricanBusiness"
2025-12-25,Wednesday,19:00,Humour,Ire II,"They say laughter is the best medicine, but Ire II is a close second. Achieve success and smile along the way!

CTA: DM us or visit our website!
Hashtags: #NigeriaBusiness #Entrepreneurship #SmallBusinessSupport #BusinessGrowth #NigeriaStartups #BusinessServicesNG #GrowYourBusiness #NigerianEntrepreneurs #BusinessSolutions #StartUpNigeria #ScaleYourBusiness #MadeInNigeria #SupportLocalBusiness #BusinessStrategy #FinancialFreedomNG #TaxAdvisory #RegulatoryCompliance #BusinessSuccess #EntrepreneurLife #AfricanBusiness","They say laughter is the best medicine, but Ire II is a close second. Achieve success and smile along the way!

CTA: DM us or visit our website!
Hashtags: #NigeriaBusiness #Entrepreneurship #SmallBusinessSupport #BusinessGrowth #NigeriaStartups #BusinessServicesNG #GrowYourBusiness #NigerianEntrepreneurs #BusinessSolutions #StartUpNigeria #ScaleYourBusiness #MadeInNigeria #SupportLocalBusiness #BusinessStrategy #FinancialFreedomNG #TaxAdvisory #RegulatoryCompliance #BusinessSuccess #EntrepreneurLife #AfricanBusiness","They say laughter is the best medicine, but Ire II is a close second. Achieve success and smile along the way!

CTA: DM us or visit our website!
Hashtags: #NigeriaBusiness #Entrepreneurship #SmallBusinessSupport #BusinessGrowth #NigeriaStartups #BusinessServicesNG #GrowYourBusiness #NigerianEntrepreneurs #BusinessSolutions #StartUpNigeria #ScaleYourBusiness #MadeInNigeria #SupportLocalBusiness #BusinessStrategy #FinancialFreedomNG #TaxAdvisory #RegulatoryCompliance #BusinessSuccess #EntrepreneurLife #AfricanBusiness","They say laughter is the best medicine, but Ire II is a close second. Achieve success and smile along the way!

CTA: DM us or visit our website!
Hashtags: #NigeriaBusiness #Entrepreneurship #SmallBusinessSupport #BusinessGrowth #NigeriaStartups #BusinessServicesNG #GrowYourBusiness #NigerianEntrepreneurs #BusinessSolutions #StartUpNigeria #ScaleYourBusiness #MadeInNigeria #SupportLocalBusiness #BusinessStrategy #FinancialFreedomNG #TaxAdvisory #RegulatoryCompliance #BusinessSuccess #EntrepreneurLife #AfricanBusiness","They say laughter is the best medicine, but Ire II is a close second. Achieve success and smile along the way!

CTA: DM us or visit our website!
Hashtags: #NigeriaBusiness #Entrepreneurship #SmallBusinessSupport #BusinessGrowth #NigeriaStartups #BusinessServicesNG #GrowYourBusiness #NigerianEntrepreneurs #BusinessSolutions #StartUpNigeria #ScaleYourBusiness #MadeInNigeria #SupportLocalBusiness #BusinessStrategy #FinancialFreedomNG #TaxAdvisory #RegulatoryCompliance #BusinessSuccess #EntrepreneurLife #AfricanBusiness"
2025-12-26,Thursday,08:00,Promotional,Ire II,"Soft promotion: Ire II can help you show proven results. Our team at VannieJay Business Services guides you every step of the way!

CTA: DM us or visit our website!
Hashtags: #NigeriaBusiness #Entrepreneurship #SmallBusinessSupport #BusinessGrowth #NigeriaStartups #BusinessServicesNG #GrowYourBusiness #NigerianEntrepreneurs #BusinessSolutions #StartUpNigeria #ScaleYourBusiness #MadeInNigeria #SupportLocalBusiness #BusinessStrategy #FinancialFreedomNG #TaxAdvisory #RegulatoryCompliance #BusinessSuccess #EntrepreneurLife #AfricanBusiness","Soft promotion: Ire II can help you show proven results. Our team at VannieJay Business Services guides you every step of the way!

CTA: DM us or visit our website!
Hashtags: #NigeriaBusiness #Entrepreneurship #SmallBusinessSupport #BusinessGrowth #NigeriaStartups #BusinessServicesNG #GrowYourBusiness #NigerianEntrepreneurs #BusinessSolutions #StartUpNigeria #ScaleYourBusiness #MadeInNigeria #SupportLocalBusiness #BusinessStrategy #FinancialFreedomNG #TaxAdvisory #RegulatoryCompliance #BusinessSuccess #EntrepreneurLife #AfricanBusiness","Soft promotion: Ire II can help you show proven results. Our team at VannieJay Business Services guides you every step of the way!

CTA: DM us or visit our website!
Hashtags: #NigeriaBusiness #Entrepreneurship #SmallBusinessSupport #BusinessGrowth #NigeriaStartups #BusinessServicesNG #GrowYourBusiness #NigerianEntrepreneurs #BusinessSolutions #StartUpNigeria #ScaleYourBusiness #MadeInNigeria #SupportLocalBusiness #BusinessStrategy #FinancialFreedomNG #TaxAdvisory #RegulatoryCompliance #BusinessSuccess #EntrepreneurLife #AfricanBusiness","Soft promotion: Ire II can help you show proven results. Our team at VannieJay Business Services guides you every step of the way!

CTA: DM us or visit our website!
Hashtags: #NigeriaBusiness #Entrepreneurship #SmallBusinessSupport #BusinessGrowth #NigeriaStartups #BusinessServicesNG #GrowYourBusiness #NigerianEntrepreneurs #BusinessSolutions #StartUpNigeria #ScaleYourBusiness #MadeInNigeria #SupportLocalBusiness #BusinessStrategy #FinancialFreedomNG #TaxAdvisory #RegulatoryCompliance #BusinessSuccess #EntrepreneurLife #AfricanBusiness","Soft promotion: Ire II can help you show proven results. Our team at VannieJay Business Services guides you every step of the way!

CTA: DM us or visit our website!
Hashtags: #NigeriaBusiness #Entrepreneurship #SmallBusinessSupport #BusinessGrowth #NigeriaStartups #BusinessServicesNG #GrowYourBusiness #NigerianEntrepreneurs #BusinessSolutions #StartUpNigeria #ScaleYourBusiness #MadeInNigeria #SupportLocalBusiness #BusinessStrategy #FinancialFreedomNG #TaxAdvisory #RegulatoryCompliance #BusinessSuccess #EntrepreneurLife #AfricanBusiness"
2025-12-26,Thursday,13:00,Inspirational,LandFlex,"Inspired by Empowering Dreams, Building Futures: Using LandFlex can help you make money and reach new heights.

CTA: DM us or visit our website!
Hashtags: #NigeriaBusiness #Entrepreneurship #SmallBusinessSupport #BusinessGrowth #NigeriaStartups #BusinessServicesNG #GrowYourBusiness #NigerianEntrepreneurs #BusinessSolutions #StartUpNigeria #ScaleYourBusiness #MadeInNigeria #SupportLocalBusiness #BusinessStrategy #FinancialFreedomNG #TaxAdvisory #RegulatoryCompliance #BusinessSuccess #EntrepreneurLife #AfricanBusiness","Inspired by Empowering Dreams, Building Futures: Using LandFlex can help you make money and reach new heights.

CTA: DM us or visit our website!
Hashtags: #NigeriaBusiness #Entrepreneurship #SmallBusinessSupport #BusinessGrowth #NigeriaStartups #BusinessServicesNG #GrowYourBusiness #NigerianEntrepreneurs #BusinessSolutions #StartUpNigeria #ScaleYourBusiness #MadeInNigeria #SupportLocalBusiness #BusinessStrategy #FinancialFreedomNG #TaxAdvisory #RegulatoryCompliance #BusinessSuccess #EntrepreneurLife #AfricanBusiness","Inspired by Empowering Dreams, Building Futures: Using LandFlex can help you make money and reach new heights.

CTA: DM us or visit our website!
Hashtags: #NigeriaBusiness #Entrepreneurship #SmallBusinessSupport #BusinessGrowth #NigeriaStartups #BusinessServicesNG #GrowYourBusiness #NigerianEntrepreneurs #BusinessSolutions #StartUpNigeria #ScaleYourBusiness #MadeInNigeria #SupportLocalBusiness #BusinessStrategy #FinancialFreedomNG #TaxAdvisory #RegulatoryCompliance #BusinessSuccess #EntrepreneurLife #AfricanBusiness","Inspired by Empowering Dreams, Building Futures: Using LandFlex can help you make money and reach new heights.

CTA: DM us or visit our website!
Hashtags: #NigeriaBusiness #Entrepreneurship #SmallBusinessSupport #BusinessGrowth #NigeriaStartups #BusinessServicesNG #GrowYourBusiness #NigerianEntrepreneurs #BusinessSolutions #StartUpNigeria #ScaleYourBusiness #MadeInNigeria #SupportLocalBusiness #BusinessStrategy #FinancialFreedomNG #TaxAdvisory #RegulatoryCompliance #BusinessSuccess #EntrepreneurLife #AfricanBusiness","Inspired by Empowering Dreams, Building Futures: Using LandFlex can help you make money and reach new heights.

CTA: DM us or visit our website!
Hashtags: #NigeriaBusiness #Entrepreneurship #SmallBusinessSupport #BusinessGrowth #NigeriaStartups #BusinessServicesNG #GrowYourBusiness #NigerianEntrepreneurs #BusinessSolutions #StartUpNigeria #ScaleYourBusiness #MadeInNigeria #SupportLocalBusiness #BusinessStrategy #FinancialFreedomNG #TaxAdvisory #RegulatoryCompliance #BusinessSuccess #EntrepreneurLife #AfricanBusiness"
2025-12-26,Thursday,19:00,Tips,LandFlex,"Tip: Apply LandFlex to make money efficiently. Consistent action leads to results.

CTA: DM us or visit our website!
Hashtags: #NigeriaBusiness #Entrepreneurship #SmallBusinessSupport #BusinessGrowth #NigeriaStartups #BusinessServicesNG #GrowYourBusiness #NigerianEntrepreneurs #BusinessSolutions #StartUpNigeria #ScaleYourBusiness #MadeInNigeria #SupportLocalBusiness #BusinessStrategy #FinancialFreedomNG #TaxAdvisory #RegulatoryCompliance #BusinessSuccess #EntrepreneurLife #AfricanBusiness","Tip: Apply LandFlex to make money efficiently. Consistent action leads to results.

CTA: DM us or visit our website!
Hashtags: #NigeriaBusiness #Entrepreneurship #SmallBusinessSupport #BusinessGrowth #NigeriaStartups #BusinessServicesNG #GrowYourBusiness #NigerianEntrepreneurs #BusinessSolutions #StartUpNigeria #ScaleYourBusiness #MadeInNigeria #SupportLocalBusiness #BusinessStrategy #FinancialFreedomNG #TaxAdvisory #RegulatoryCompliance #BusinessSuccess #EntrepreneurLife #AfricanBusiness","Tip: Apply LandFlex to make money efficiently. Consistent action leads to results.

CTA: DM us or visit our website!
Hashtags: #NigeriaBusiness #Entrepreneurship #SmallBusinessSupport #BusinessGrowth #NigeriaStartups #BusinessServicesNG #GrowYourBusiness #NigerianEntrepreneurs #BusinessSolutions #StartUpNigeria #ScaleYourBusiness #MadeInNigeria #SupportLocalBusiness #BusinessStrategy #FinancialFreedomNG #TaxAdvisory #RegulatoryCompliance #BusinessSuccess #EntrepreneurLife #AfricanBusiness","Tip: Apply LandFlex to make money efficiently. Consistent action leads to results.

CTA: DM us or visit our website!
Hashtags: #NigeriaBusiness #Entrepreneurship #SmallBusinessSupport #BusinessGrowth #NigeriaStartups #BusinessServicesNG #GrowYourBusiness #NigerianEntrepreneurs #BusinessSolutions #StartUpNigeria #ScaleYourBusiness #MadeInNigeria #SupportLocalBusiness #BusinessStrategy #FinancialFreedomNG #TaxAdvisory #RegulatoryCompliance #BusinessSuccess #EntrepreneurLife #AfricanBusiness","Tip: Apply LandFlex to make money efficiently. Consistent action leads to results.

CTA: DM us or visit our website!
Hashtags: #NigeriaBusiness #Entrepreneurship #SmallBusinessSupport #BusinessGrowth #NigeriaStartups #BusinessServicesNG #GrowYourBusiness #NigerianEntrepreneurs #BusinessSolutions #StartUpNigeria #ScaleYourBusiness #MadeInNigeria #SupportLocalBusiness #BusinessStrategy #FinancialFreedomNG #TaxAdvisory #RegulatoryCompliance #BusinessSuccess #EntrepreneurLife #AfricanBusiness"
2025-12-27,Friday,08:00,Educational,LandFlex,"Imagine wanting to save time and being overwhelmed. With LandFlex, you can finally achieve your goals efficiently. Learn the benefits: The Land Flex offers high returns through land banking as a long-term investment strategy. Investors can pool their funds, either individually or jointly, to acquire premium land in high-growth locations, allowing them to benefit from property appreciation and resell at a significant profit.

Key Benefits:

Low entry cost: With as low as $5000, you can get a slot in this plan.
Projected Land Appreciation: 5 - 10% (land appreciation) per year, compounding over 5 years.
Solo Investment: Own an entire land parcel and keep full resale profits.
Shared Investment: Purchase land slots starting at $5000 with friends, family, and business associates to share returns proportionally.
Hedge Against Inflation: Land appreciates in value, protecting against currency devaluation.

CTA: DM us or visit our website!
Hashtags: #NigeriaBusiness #Entrepreneurship #SmallBusinessSupport #BusinessGrowth #NigeriaStartups #BusinessServicesNG #GrowYourBusiness #NigerianEntrepreneurs #BusinessSolutions #StartUpNigeria #ScaleYourBusiness #MadeInNigeria #SupportLocalBusiness #BusinessStrategy #FinancialFreedomNG #TaxAdvisory #RegulatoryCompliance #BusinessSuccess #EntrepreneurLife #AfricanBusiness","Imagine wanting to save time and being overwhelmed. With LandFlex, you can finally achieve your goals efficiently. Learn the benefits: The Land Flex offers high returns through land banking as a long-term investment strategy. Investors can pool their funds, either individually or jointly, to acquire premium land in high-growth locations, allowing them to benefit from property appreciation and resell at a significant profit.

Key Benefits:

Low entry cost: With as low as $5000, you can get a slot in this plan.
Projected Land Appreciation: 5 - 10% (land appreciation) per year, compounding over 5 years.
Solo Investment: Own an entire land parcel and keep full resale profits.
Shared Investment: Purchase land slots starting at $5000 with friends, family, and business associates to share returns proportionally.
Hedge Against Inflation: Land appreciates in value, protecting against currency devaluation.

CTA: DM us or visit our website!
Hashtags: #NigeriaBusiness #Entrepreneurship #SmallBusinessSupport #BusinessGrowth #NigeriaStartups #BusinessServicesNG #GrowYourBusiness #NigerianEntrepreneurs #BusinessSolutions #StartUpNigeria #ScaleYourBusiness #MadeInNigeria #SupportLocalBusiness #BusinessStrategy #FinancialFreedomNG #TaxAdvisory #RegulatoryCompliance #BusinessSuccess #EntrepreneurLife #AfricanBusiness","Imagine wanting to save time and being overwhelmed. With LandFlex, you can finally achieve your goals efficiently. Learn the benefits: The Land Flex offers high returns through land banking as a long-term investment strategy. Investors can pool their funds, either individually or jointly, to acquire premium land in high-growth locations, allowing them to benefit from property appreciation and resell at a significant profit.

Key Benefits:

Low entry cost: With as low as $5000, you can get a slot in this plan.
Projected Land Appreciation: 5 - 10% (land appreciation) per year, compounding over 5 years.
Solo Investment: Own an entire land parcel and keep full resale profits.
Shared Investment: Purchase land slots starting at $5000 with friends, family, and business associates to share returns proportionally.
Hedge Against Inflation: Land appreciates in value, protecting against currency devaluation.

CTA: DM us or visit our website!
Hashtags: #NigeriaBusiness #Entrepreneurship #SmallBusinessSupport #BusinessGrowth #NigeriaStartups #BusinessServicesNG #GrowYourBusiness #NigerianEntrepreneurs #BusinessSolutions #StartUpNigeria #ScaleYourBusiness #MadeInNigeria #SupportLocalBusiness #BusinessStrategy #FinancialFreedomNG #TaxAdvisory #RegulatoryCompliance #BusinessSuccess #EntrepreneurLife #AfricanBusiness","Imagine wanting to save time and being overwhelmed. With LandFlex, you can finally achieve your goals efficiently. Learn the benefits: The Land Flex offers high returns through land banking as a long-term investment strategy. Investors can pool their funds, either individually or jointly, to acquire premium land in high-growth locations, allowing them to benefit from property appreciation and resell at a significant profit.

Key Benefits:

Low entry cost: With as low as $5000, you can get a slot in this plan.
Projected Land Appreciation: 5 - 10% (land appreciation) per year, compounding over 5 years.
Solo Investment: Own an entire land parcel and keep full resale profits.
Shared Investment: Purchase land slots starting at $5000 with friends, family, and business associates to share returns proportionally.
Hedge Against Inflation: Land appreciates in value, protecting against currency devaluation.

CTA: DM us or visit our website!
Hashtags: #NigeriaBusiness #Entrepreneurship #SmallBusinessSupport #BusinessGrowth #NigeriaStartups #BusinessServicesNG #GrowYourBusiness #NigerianEntrepreneurs #BusinessSolutions #StartUpNigeria #ScaleYourBusiness #MadeInNigeria #SupportLocalBusiness #BusinessStrategy #FinancialFreedomNG #TaxAdvisory #RegulatoryCompliance #BusinessSuccess #EntrepreneurLife #AfricanBusiness","Imagine wanting to save time and being overwhelmed. With LandFlex, you can finally achieve your goals efficiently. Learn the benefits: The Land Flex offers high returns through land banking as a long-term investment strategy. Investors can pool their funds, either individual...

CTA: DM us or visit our website!
Hashtags: #NigeriaBusiness #Entrepreneurship #SmallBusinessSupport #BusinessGrowth #NigeriaStartups #BusinessServicesNG #GrowYourBusiness #NigerianEntrepreneurs #BusinessSolutions #StartUpNigeria #ScaleYourBusiness #MadeInNigeria #SupportLocalBusiness #BusinessStrategy #FinancialFreedomNG #TaxAdvisory #RegulatoryCompliance #BusinessSuccess #EntrepreneurLife #AfricanBusiness"
2025-12-27,Friday,13:00,Industry News,FarmWey,"Latest Nigerian real estate and business trends: FarmWey ensures you stay ahead and show proven results.

CTA: DM us or visit our website!
Hashtags: #NigeriaBusiness #Entrepreneurship #SmallBusinessSupport #BusinessGrowth #NigeriaStartups #BusinessServicesNG #GrowYourBusiness #NigerianEntrepreneurs #BusinessSolutions #StartUpNigeria #ScaleYourBusiness #MadeInNigeria #SupportLocalBusiness #BusinessStrategy #FinancialFreedomNG #TaxAdvisory #RegulatoryCompliance #BusinessSuccess #EntrepreneurLife #AfricanBusiness","Latest Nigerian real estate and business trends: FarmWey ensures you stay ahead and show proven results.

CTA: DM us or visit our website!
Hashtags: #NigeriaBusiness #Entrepreneurship #SmallBusinessSupport #BusinessGrowth #NigeriaStartups #BusinessServicesNG #GrowYourBusiness #NigerianEntrepreneurs #BusinessSolutions #StartUpNigeria #ScaleYourBusiness #MadeInNigeria #SupportLocalBusiness #BusinessStrategy #FinancialFreedomNG #TaxAdvisory #RegulatoryCompliance #BusinessSuccess #EntrepreneurLife #AfricanBusiness","Latest Nigerian real estate and business trends: FarmWey ensures you stay ahead and show proven results.

CTA: DM us or visit our website!
Hashtags: #NigeriaBusiness #Entrepreneurship #SmallBusinessSupport #BusinessGrowth #NigeriaStartups #BusinessServicesNG #GrowYourBusiness #NigerianEntrepreneurs #BusinessSolutions #StartUpNigeria #ScaleYourBusiness #MadeInNigeria #SupportLocalBusiness #BusinessStrategy #FinancialFreedomNG #TaxAdvisory #RegulatoryCompliance #BusinessSuccess #EntrepreneurLife #AfricanBusiness","Latest Nigerian real estate and business trends: FarmWey ensures you stay ahead and show proven results.

CTA: DM us or visit our website!
Hashtags: #NigeriaBusiness #Entrepreneurship #SmallBusinessSupport #BusinessGrowth #NigeriaStartups #BusinessServicesNG #GrowYourBusiness #NigerianEntrepreneurs #BusinessSolutions #StartUpNigeria #ScaleYourBusiness #MadeInNigeria #SupportLocalBusiness #BusinessStrategy #FinancialFreedomNG #TaxAdvisory #RegulatoryCompliance #BusinessSuccess #EntrepreneurLife #AfricanBusiness","Latest Nigerian real estate and business trends: FarmWey ensures you stay ahead and show proven results.

CTA: DM us or visit our website!
Hashtags: #NigeriaBusiness #Entrepreneurship #SmallBusinessSupport #BusinessGrowth #NigeriaStartups #BusinessServicesNG #GrowYourBusiness #NigerianEntrepreneurs #BusinessSolutions #StartUpNigeria #ScaleYourBusiness #MadeInNigeria #SupportLocalBusiness #BusinessStrategy #FinancialFreedomNG #TaxAdvisory #RegulatoryCompliance #BusinessSuccess #EntrepreneurLife #AfricanBusiness"
2025-12-27,Friday,19:00,Inspirational,FarmWey,"Inspired by Empowering Dreams, Building Futures: Using FarmWey can help you gain status and reach new heights.

CTA: DM us or visit our website!
Hashtags: #NigeriaBusiness #Entrepreneurship #SmallBusinessSupport #BusinessGrowth #NigeriaStartups #BusinessServicesNG #GrowYourBusiness #NigerianEntrepreneurs #BusinessSolutions #StartUpNigeria #ScaleYourBusiness #MadeInNigeria #SupportLocalBusiness #BusinessStrategy #FinancialFreedomNG #TaxAdvisory #RegulatoryCompliance #BusinessSuccess #EntrepreneurLife #AfricanBusiness","Inspired by Empowering Dreams, Building Futures: Using FarmWey can help you gain status and reach new heights.

CTA: DM us or visit our website!
Hashtags: #NigeriaBusiness #Entrepreneurship #SmallBusinessSupport #BusinessGrowth #NigeriaStartups #BusinessServicesNG #GrowYourBusiness #NigerianEntrepreneurs #BusinessSolutions #StartUpNigeria #ScaleYourBusiness #MadeInNigeria #SupportLocalBusiness #BusinessStrategy #FinancialFreedomNG #TaxAdvisory #RegulatoryCompliance #BusinessSuccess #EntrepreneurLife #AfricanBusiness","Inspired by Empowering Dreams, Building Futures: Using FarmWey can help you gain status and reach new heights.

CTA: DM us or visit our website!
Hashtags: #NigeriaBusiness #Entrepreneurship #SmallBusinessSupport #BusinessGrowth #NigeriaStartups #BusinessServicesNG #GrowYourBusiness #NigerianEntrepreneurs #BusinessSolutions #StartUpNigeria #ScaleYourBusiness #MadeInNigeria #SupportLocalBusiness #BusinessStrategy #FinancialFreedomNG #TaxAdvisory #RegulatoryCompliance #BusinessSuccess #EntrepreneurLife #AfricanBusiness","Inspired by Empowering Dreams, Building Futures: Using FarmWey can help you gain status and reach new heights.

CTA: DM us or visit our website!
Hashtags: #NigeriaBusiness #Entrepreneurship #SmallBusinessSupport #BusinessGrowth #NigeriaStartups #BusinessServicesNG #GrowYourBusiness #NigerianEntrepreneurs #BusinessSolutions #StartUpNigeria #ScaleYourBusiness #MadeInNigeria #SupportLocalBusiness #BusinessStrategy #FinancialFreedomNG #TaxAdvisory #RegulatoryCompliance #BusinessSuccess #EntrepreneurLife #AfricanBusiness","Inspired by Empowering Dreams, Building Futures: Using FarmWey can help you gain status and reach new heights.

CTA: DM us or visit our website!
Hashtags: #NigeriaBusiness #Entrepreneurship #SmallBusinessSupport #BusinessGrowth #NigeriaStartups #BusinessServicesNG #GrowYourBusiness #NigerianEntrepreneurs #BusinessSolutions #StartUpNigeria #ScaleYourBusiness #MadeInNigeria #SupportLocalBusiness #BusinessStrategy #FinancialFreedomNG #TaxAdvisory #RegulatoryCompliance #BusinessSuccess #EntrepreneurLife #AfricanBusiness"
2025-12-28,Saturday,08:00,Humour,Ire II,"They say laughter is the best medicine, but Ire II is a close second. Achieve success and smile along the way!

CTA: DM us or visit our website!
Hashtags: #NigeriaBusiness #Entrepreneurship #SmallBusinessSupport #BusinessGrowth #NigeriaStartups #BusinessServicesNG #GrowYourBusiness #NigerianEntrepreneurs #BusinessSolutions #StartUpNigeria #ScaleYourBusiness #MadeInNigeria #SupportLocalBusiness #BusinessStrategy #FinancialFreedomNG #TaxAdvisory #RegulatoryCompliance #BusinessSuccess #EntrepreneurLife #AfricanBusiness","They say laughter is the best medicine, but Ire II is a close second. Achieve success and smile along the way!

CTA: DM us or visit our website!
Hashtags: #NigeriaBusiness #Entrepreneurship #SmallBusinessSupport #BusinessGrowth #NigeriaStartups #BusinessServicesNG #GrowYourBusiness #NigerianEntrepreneurs #BusinessSolutions #StartUpNigeria #ScaleYourBusiness #MadeInNigeria #SupportLocalBusiness #BusinessStrategy #FinancialFreedomNG #TaxAdvisory #RegulatoryCompliance #BusinessSuccess #EntrepreneurLife #AfricanBusiness","They say laughter is the best medicine, but Ire II is a close second. Achieve success and smile along the way!

CTA: DM us or visit our website!
Hashtags: #NigeriaBusiness #Entrepreneurship #SmallBusinessSupport #BusinessGrowth #NigeriaStartups #BusinessServicesNG #GrowYourBusiness #NigerianEntrepreneurs #BusinessSolutions #StartUpNigeria #ScaleYourBusiness #MadeInNigeria #SupportLocalBusiness #BusinessStrategy #FinancialFreedomNG #TaxAdvisory #RegulatoryCompliance #BusinessSuccess #EntrepreneurLife #AfricanBusiness","They say laughter is the best medicine, but Ire II is a close second. Achieve success and smile along the way!

CTA: DM us or visit our website!
Hashtags: #NigeriaBusiness #Entrepreneurship #SmallBusinessSupport #BusinessGrowth #NigeriaStartups #BusinessServicesNG #GrowYourBusiness #NigerianEntrepreneurs #BusinessSolutions #StartUpNigeria #ScaleYourBusiness #MadeInNigeria #SupportLocalBusiness #BusinessStrategy #FinancialFreedomNG #TaxAdvisory #RegulatoryCompliance #BusinessSuccess #EntrepreneurLife #AfricanBusiness","They say laughter is the best medicine, but Ire II is a close second. Achieve success and smile along the way!

CTA: DM us or visit our website!
Hashtags: #NigeriaBusiness #Entrepreneurship #SmallBusinessSupport #BusinessGrowth #NigeriaStartups #BusinessServicesNG #GrowYourBusiness #NigerianEntrepreneurs #BusinessSolutions #StartUpNigeria #ScaleYourBusiness #MadeInNigeria #SupportLocalBusiness #BusinessStrategy #FinancialFreedomNG #TaxAdvisory #RegulatoryCompliance #BusinessSuccess #EntrepreneurLife #AfricanBusiness"
2025-12-28,Saturday,13:00,Educational,FarmWey,"Imagine wanting to gain status and being overwhelmed. With FarmWey, you can finally achieve your goals efficiently. Learn the benefits: Introducing: PalmOrigin by FarmWey Africa — Your Gateway to Profitable Oil Palm Investment

If you’ve ever considered investing in a sustainable, high-yield agricultural asset, PalmOrigin presents the perfect opportunity. Strategically located in Ewekoro, Ogun State, this oil palm development offers investors a secure and profitable entry into the agricultural value chain.

With just a 20% initial deposit, you can begin your journey into one of Africa’s most lucrative agricultural ventures.

Plot Size               Outright
500SQM.          N700k

Acre (6plots)       N4m

HECTARE(2.5acre) N10m

Document Title: Registered Survey 

Location: Ewekoro Ogun State

Validity: Offer ends 31 Dec. 2025

CTA: DM us or visit our website!
Hashtags: #NigeriaBusiness #Entrepreneurship #SmallBusinessSupport #BusinessGrowth #NigeriaStartups #BusinessServicesNG #GrowYourBusiness #NigerianEntrepreneurs #BusinessSolutions #StartUpNigeria #ScaleYourBusiness #MadeInNigeria #SupportLocalBusiness #BusinessStrategy #FinancialFreedomNG #TaxAdvisory #RegulatoryCompliance #BusinessSuccess #EntrepreneurLife #AfricanBusiness","Imagine wanting to gain status and being overwhelmed. With FarmWey, you can finally achieve your goals efficiently. Learn the benefits: Introducing: PalmOrigin by FarmWey Africa — Your Gateway to Profitable Oil Palm Investment

If you’ve ever considered investing in a sustainable, high-yield agricultural asset, PalmOrigin presents the perfect opportunity. Strategically located in Ewekoro, Ogun State, this oil palm development offers investors a secure and profitable entry into the agricultural value chain.

With just a 20% initial deposit, you can begin your journey into one of Africa’s most lucrative agricultural ventures.

Plot Size               Outright
500SQM.          N700k

Acre (6plots)       N4m

HECTARE(2.5acre) N10m

Document Title: Registered Survey 

Location: Ewekoro Ogun State

Validity: Offer ends 31 Dec. 2025

CTA: DM us or visit our website!
Hashtags: #NigeriaBusiness #Entrepreneurship #SmallBusinessSupport #BusinessGrowth #NigeriaStartups #BusinessServicesNG #GrowYourBusiness #NigerianEntrepreneurs #BusinessSolutions #StartUpNigeria #ScaleYourBusiness #MadeInNigeria #SupportLocalBusiness #BusinessStrategy #FinancialFreedomNG #TaxAdvisory #RegulatoryCompliance #BusinessSuccess #EntrepreneurLife #AfricanBusiness","Imagine wanting to gain status and being overwhelmed. With FarmWey, you can finally achieve your goals efficiently. Learn the benefits: Introducing: PalmOrigin by FarmWey Africa — Your Gateway to Profitable Oil Palm Investment

If you’ve ever considered investing in a sustainable, high-yield agricultural asset, PalmOrigin presents the perfect opportunity. Strategically located in Ewekoro, Ogun State, this oil palm development offers investors a secure and profitable entry into the agricultural value chain.

With just a 20% initial deposit, you can begin your journey into one of Africa’s most lucrative agricultural ventures.

Plot Size               Outright
500SQM.          N700k

Acre (6plots)       N4m

HECTARE(2.5acre) N10m

Document Title: Registered Survey 

Location: Ewekoro Ogun State

Validity: Offer ends 31 Dec. 2025

CTA: DM us or visit our website!
Hashtags: #NigeriaBusiness #Entrepreneurship #SmallBusinessSupport #BusinessGrowth #NigeriaStartups #BusinessServicesNG #GrowYourBusiness #NigerianEntrepreneurs #BusinessSolutions #StartUpNigeria #ScaleYourBusiness #MadeInNigeria #SupportLocalBusiness #BusinessStrategy #FinancialFreedomNG #TaxAdvisory #RegulatoryCompliance #BusinessSuccess #EntrepreneurLife #AfricanBusiness","Imagine wanting to gain status and being overwhelmed. With FarmWey, you can finally achieve your goals efficiently. Learn the benefits: Introducing: PalmOrigin by FarmWey Africa — Your Gateway to Profitable Oil Palm Investment

If you’ve ever considered investing in a sustainable, high-yield agricultural asset, PalmOrigin presents the perfect opportunity. Strategically located in Ewekoro, Ogun State, this oil palm development offers investors a secure and profitable entry into the agricultural value chain.

With just a 20% initial deposit, you can begin your journey into one of Africa’s most lucrative agricultural ventures.

Plot Size               Outright
500SQM.          N700k

Acre (6plots)       N4m

HECTARE(2.5acre) N10m

Document Title: Registered Survey 

Location: Ewekoro Ogun State

Validity: Offer ends 31 Dec. 2025

CTA: DM us or visit our website!
Hashtags: #NigeriaBusiness #Entrepreneurship #SmallBusinessSupport #BusinessGrowth #NigeriaStartups #BusinessServicesNG #GrowYourBusiness #NigerianEntrepreneurs #BusinessSolutions #StartUpNigeria #ScaleYourBusiness #MadeInNigeria #SupportLocalBusiness #BusinessStrategy #FinancialFreedomNG #TaxAdvisory #RegulatoryCompliance #BusinessSuccess #EntrepreneurLife #AfricanBusiness","Imagine wanting to gain status and being overwhelmed. With FarmWey, you can finally achieve your goals efficiently. Learn the benefits: Introducing: PalmOrigin by FarmWey Africa — Your Gateway to Profitable Oil Palm Investment

If you’ve ever considered investing in a sustai...

CTA: DM us or visit our website!
Hashtags: #NigeriaBusiness #Entrepreneurship #SmallBusinessSupport #BusinessGrowth #NigeriaStartups #BusinessServicesNG #GrowYourBusiness #NigerianEntrepreneurs #BusinessSolutions #StartUpNigeria #ScaleYourBusiness #MadeInNigeria #SupportLocalBusiness #BusinessStrategy #FinancialFreedomNG #TaxAdvisory #RegulatoryCompliance #BusinessSuccess #EntrepreneurLife #AfricanBusiness"
2025-12-28,Saturday,19:00,Educational,FlexPool,"Investors often struggle with Investment risks. FlexPool offers a proven solution to save money. Learn the benefits: Flex Pool allows a very low entry cost for investors to explore well-curated and carefully selected real estate opportunities. For as low as $500, investors can be a part of the pool to earn steady monthly and quarterly returns.

Key Benefits:

Low entry cost: With as low as $500, you can book your slot in the pool
Projected Return: 8 - 12% per annum
Solo Investment: Own an entire land parcel and keep full resale profits.
Hedge Against Inflation: These investment options have been carefully selected by our team of experts to help you make guaranteed returns without any hassle. This way, you have a steady income stream and a hedge against inflation

CTA: DM us or visit our website!
Hashtags: #NigeriaBusiness #Entrepreneurship #SmallBusinessSupport #BusinessGrowth #NigeriaStartups #BusinessServicesNG #GrowYourBusiness #NigerianEntrepreneurs #BusinessSolutions #StartUpNigeria #ScaleYourBusiness #MadeInNigeria #SupportLocalBusiness #BusinessStrategy #FinancialFreedomNG #TaxAdvisory #RegulatoryCompliance #BusinessSuccess #EntrepreneurLife #AfricanBusiness","Investors often struggle with Investment risks. FlexPool offers a proven solution to save money. Learn the benefits: Flex Pool allows a very low entry cost for investors to explore well-curated and carefully selected real estate opportunities. For as low as $500, investors can be a part of the pool to earn steady monthly and quarterly returns.

Key Benefits:

Low entry cost: With as low as $500, you can book your slot in the pool
Projected Return: 8 - 12% per annum
Solo Investment: Own an entire land parcel and keep full resale profits.
Hedge Against Inflation: These investment options have been carefully selected by our team of experts to help you make guaranteed returns without any hassle. This way, you have a steady income stream and a hedge against inflation

CTA: DM us or visit our website!
Hashtags: #NigeriaBusiness #Entrepreneurship #SmallBusinessSupport #BusinessGrowth #NigeriaStartups #BusinessServicesNG #GrowYourBusiness #NigerianEntrepreneurs #BusinessSolutions #StartUpNigeria #ScaleYourBusiness #MadeInNigeria #SupportLocalBusiness #BusinessStrategy #FinancialFreedomNG #TaxAdvisory #RegulatoryCompliance #BusinessSuccess #EntrepreneurLife #AfricanBusiness","Investors often struggle with Investment risks. FlexPool offers a proven solution to save money. Learn the benefits: Flex Pool allows a very low entry cost for investors to explore well-curated and carefully selected real estate opportunities. For as low as $500, investors can be a part of the pool to earn steady monthly and quarterly returns.

Key Benefits:

Low entry cost: With as low as $500, you can book your slot in the pool
Projected Return: 8 - 12% per annum
Solo Investment: Own an entire land parcel and keep full resale profits.
Hedge Against Inflation: These investment options have been carefully selected by our team of experts to help you make guaranteed returns without any hassle. This way, you have a steady income stream and a hedge against inflation

CTA: DM us or visit our website!
Hashtags: #NigeriaBusiness #Entrepreneurship #SmallBusinessSupport #BusinessGrowth #NigeriaStartups #BusinessServicesNG #GrowYourBusiness #NigerianEntrepreneurs #BusinessSolutions #StartUpNigeria #ScaleYourBusiness #MadeInNigeria #SupportLocalBusiness #BusinessStrategy #FinancialFreedomNG #TaxAdvisory #RegulatoryCompliance #BusinessSuccess #EntrepreneurLife #AfricanBusiness","Investors often struggle with Investment risks. FlexPool offers a proven solution to save money. Learn the benefits: Flex Pool allows a very low entry cost for investors to explore well-curated and carefully selected real estate opportunities. For as low as $500, investors can be a part of the pool to earn steady monthly and quarterly returns.

Key Benefits:

Low entry cost: With as low as $500, you can book your slot in the pool
Projected Return: 8 - 12% per annum
Solo Investment: Own an entire land parcel and keep full resale profits.
Hedge Against Inflation: These investment options have been carefully selected by our team of experts to help you make guaranteed returns without any hassle. This way, you have a steady income stream and a hedge against inflation

CTA: DM us or visit our website!
Hashtags: #NigeriaBusiness #Entrepreneurship #SmallBusinessSupport #BusinessGrowth #NigeriaStartups #BusinessServicesNG #GrowYourBusiness #NigerianEntrepreneurs #BusinessSolutions #StartUpNigeria #ScaleYourBusiness #MadeInNigeria #SupportLocalBusiness #BusinessStrategy #FinancialFreedomNG #TaxAdvisory #RegulatoryCompliance #BusinessSuccess #EntrepreneurLife #AfricanBusiness","Investors often struggle with Investment risks. FlexPool offers a proven solution to save money. Learn the benefits: Flex Pool allows a very low entry cost for investors to explore well-curated and carefully selected real estate opportunities. For as low as $500, investors c...

CTA: DM us or visit our website!
Hashtags: #NigeriaBusiness #Entrepreneurship #SmallBusinessSupport #BusinessGrowth #NigeriaStartups #BusinessServicesNG #GrowYourBusiness #NigerianEntrepreneurs #BusinessSolutions #StartUpNigeria #ScaleYourBusiness #MadeInNigeria #SupportLocalBusiness #BusinessStrategy #FinancialFreedomNG #TaxAdvisory #RegulatoryCompliance #BusinessSuccess #EntrepreneurLife #AfricanBusiness"
2025-12-29,Sunday,08:00,Engagement Question,LandFlex,"Question: How would LandFlex help you gain status? Comment your thoughts!

CTA: DM us or visit our website!
Hashtags: #NigeriaBusiness #Entrepreneurship #SmallBusinessSupport #BusinessGrowth #NigeriaStartups #BusinessServicesNG #GrowYourBusiness #NigerianEntrepreneurs #BusinessSolutions #StartUpNigeria #ScaleYourBusiness #MadeInNigeria #SupportLocalBusiness #BusinessStrategy #FinancialFreedomNG #TaxAdvisory #RegulatoryCompliance #BusinessSuccess #EntrepreneurLife #AfricanBusiness","Question: How would LandFlex help you gain status? Comment your thoughts!

CTA: DM us or visit our website!
Hashtags: #NigeriaBusiness #Entrepreneurship #SmallBusinessSupport #BusinessGrowth #NigeriaStartups #BusinessServicesNG #GrowYourBusiness #NigerianEntrepreneurs #BusinessSolutions #StartUpNigeria #ScaleYourBusiness #MadeInNigeria #SupportLocalBusiness #BusinessStrategy #FinancialFreedomNG #TaxAdvisory #RegulatoryCompliance #BusinessSuccess #EntrepreneurLife #AfricanBusiness","Question: How would LandFlex help you gain status? Comment your thoughts!

CTA: DM us or visit our website!
Hashtags: #NigeriaBusiness #Entrepreneurship #SmallBusinessSupport #BusinessGrowth #NigeriaStartups #BusinessServicesNG #GrowYourBusiness #NigerianEntrepreneurs #BusinessSolutions #StartUpNigeria #ScaleYourBusiness #MadeInNigeria #SupportLocalBusiness #BusinessStrategy #FinancialFreedomNG #TaxAdvisory #RegulatoryCompliance #BusinessSuccess #EntrepreneurLife #AfricanBusiness","Question: How would LandFlex help you gain status? Comment your thoughts!

CTA: DM us or visit our website!
Hashtags: #NigeriaBusiness #Entrepreneurship #SmallBusinessSupport #BusinessGrowth #NigeriaStartups #BusinessServicesNG #GrowYourBusiness #NigerianEntrepreneurs #BusinessSolutions #StartUpNigeria #ScaleYourBusiness #MadeInNigeria #SupportLocalBusiness #BusinessStrategy #FinancialFreedomNG #TaxAdvisory #RegulatoryCompliance #BusinessSuccess #EntrepreneurLife #AfricanBusiness","Question: How would LandFlex help you gain status? Comment your thoughts!

CTA: DM us or visit our website!
Hashtags: #NigeriaBusiness #Entrepreneurship #SmallBusinessSupport #BusinessGrowth #NigeriaStartups #BusinessServicesNG #GrowYourBusiness #NigerianEntrepreneurs #BusinessSolutions #StartUpNigeria #ScaleYourBusiness #MadeInNigeria #SupportLocalBusiness #BusinessStrategy #FinancialFreedomNG #TaxAdvisory #RegulatoryCompliance #BusinessSuccess #EntrepreneurLife #AfricanBusiness"
2025-12-29,Sunday,13:00,Educational,Ire II,"As a busy entrepreneur, managing Land challenges is tough. Ire II helps you save time. Learn the benefits: We are thrilled to introduce the Phase 2 of our Ire Mowe, Estate💥💥💥

🌟 IRE PHASE 2, OBAFEMI OWODE🌟

About the Location:
MOWE PHASE 2 is nestled in the heart of Mowe-Ofada Road in Obafemi Owode Local Government, in Ogun State, strategically positioned for residential and investment growth.

Major Landmarks & Proximity:
- Iloro-Papalanto- Shagamu road
- Aanu oluwa Petroleum Limited
- Bluestone Garden City

Property Title: Certificate of Occupancy (C of O)

Pricing (Documentation and Developmental not inclusive ):
Outright Payment (0 - 3 Months)

300 SQM – ₦8m

500 SQM – ₦12.5m

You can access the Product FAQ via the link below:
https://bit.ly/IRE2FAQ

Secure your slice of premium real estate today!🥳🥳🥳🥳

CTA: DM us or visit our website!
Hashtags: #NigeriaBusiness #Entrepreneurship #SmallBusinessSupport #BusinessGrowth #NigeriaStartups #BusinessServicesNG #GrowYourBusiness #NigerianEntrepreneurs #BusinessSolutions #StartUpNigeria #ScaleYourBusiness #MadeInNigeria #SupportLocalBusiness #BusinessStrategy #FinancialFreedomNG #TaxAdvisory #RegulatoryCompliance #BusinessSuccess #EntrepreneurLife #AfricanBusiness","As a busy entrepreneur, managing Land challenges is tough. Ire II helps you save time. Learn the benefits: We are thrilled to introduce the Phase 2 of our Ire Mowe, Estate💥💥💥

🌟 IRE PHASE 2, OBAFEMI OWODE🌟

About the Location:
MOWE PHASE 2 is nestled in the heart of Mowe-Ofada Road in Obafemi Owode Local Government, in Ogun State, strategically positioned for residential and investment growth.

Major Landmarks & Proximity:
- Iloro-Papalanto- Shagamu road
- Aanu oluwa Petroleum Limited
- Bluestone Garden City

Property Title: Certificate of Occupancy (C of O)

Pricing (Documentation and Developmental not inclusive ):
Outright Payment (0 - 3 Months)

300 SQM – ₦8m

500 SQM – ₦12.5m

You can access the Product FAQ via the link below:
https://bit.ly/IRE2FAQ

Secure your slice of premium real estate today!🥳🥳🥳🥳

CTA: DM us or visit our website!
Hashtags: #NigeriaBusiness #Entrepreneurship #SmallBusinessSupport #BusinessGrowth #NigeriaStartups #BusinessServicesNG #GrowYourBusiness #NigerianEntrepreneurs #BusinessSolutions #StartUpNigeria #ScaleYourBusiness #MadeInNigeria #SupportLocalBusiness #BusinessStrategy #FinancialFreedomNG #TaxAdvisory #RegulatoryCompliance #BusinessSuccess #EntrepreneurLife #AfricanBusiness","As a busy entrepreneur, managing Land challenges is tough. Ire II helps you save time. Learn the benefits: We are thrilled to introduce the Phase 2 of our Ire Mowe, Estate💥💥💥

🌟 IRE PHASE 2, OBAFEMI OWODE🌟

About the Location:
MOWE PHASE 2 is nestled in the heart of Mowe-Ofada Road in Obafemi Owode Local Government, in Ogun State, strategically positioned for residential and investment growth.

Major Landmarks & Proximity:
- Iloro-Papalanto- Shagamu road
- Aanu oluwa Petroleum Limited
- Bluestone Garden City

Property Title: Certificate of Occupancy (C of O)

Pricing (Documentation and Developmental not inclusive ):
Outright Payment (0 - 3 Months)

300 SQM – ₦8m

500 SQM – ₦12.5m

You can access the Product FAQ via the link below:
https://bit.ly/IRE2FAQ

Secure your slice of premium real estate today!🥳🥳🥳🥳

CTA: DM us or visit our website!
Hashtags: #NigeriaBusiness #Entrepreneurship #SmallBusinessSupport #BusinessGrowth #NigeriaStartups #BusinessServicesNG #GrowYourBusiness #NigerianEntrepreneurs #BusinessSolutions #StartUpNigeria #ScaleYourBusiness #MadeInNigeria #SupportLocalBusiness #BusinessStrategy #FinancialFreedomNG #TaxAdvisory #RegulatoryCompliance #BusinessSuccess #EntrepreneurLife #AfricanBusiness","As a busy entrepreneur, managing Land challenges is tough. Ire II helps you save time. Learn the benefits: We are thrilled to introduce the Phase 2 of our Ire Mowe, Estate💥💥💥

🌟 IRE PHASE 2, OBAFEMI OWODE🌟

About the Location:
MOWE PHASE 2 is nestled in the heart of Mowe-Ofada Road in Obafemi Owode Local Government, in Ogun State, strategically positioned for residential and investment growth.

Major Landmarks & Proximity:
- Iloro-Papalanto- Shagamu road
- Aanu oluwa Petroleum Limited
- Bluestone Garden City

Property Title: Certificate of Occupancy (C of O)

Pricing (Documentation and Developmental not inclusive ):
Outright Payment (0 - 3 Months)

300 SQM – ₦8m

500 SQM – ₦12.5m

You can access the Product FAQ via the link below:
https://bit.ly/IRE2FAQ

Secure your slice of premium real estate today!🥳🥳🥳🥳

CTA: DM us or visit our website!
Hashtags: #NigeriaBusiness #Entrepreneurship #SmallBusinessSupport #BusinessGrowth #NigeriaStartups #BusinessServicesNG #GrowYourBusiness #NigerianEntrepreneurs #BusinessSolutions #StartUpNigeria #ScaleYourBusiness #MadeInNigeria #SupportLocalBusiness #BusinessStrategy #FinancialFreedomNG #TaxAdvisory #RegulatoryCompliance #BusinessSuccess #EntrepreneurLife #AfricanBusiness","As a busy entrepreneur, managing Land challenges is tough. Ire II helps you save time. Learn the benefits: We are thrilled to introduce the Phase 2 of our Ire Mowe, Estate💥💥💥

🌟 IRE PHASE 2, OBAFEMI OWODE🌟

About the Location:
MOWE PHASE 2 is nestled in the heart of Mowe-Ofa...

CTA: DM us or visit our website!
Hashtags: #NigeriaBusiness #Entrepreneurship #SmallBusinessSupport #BusinessGrowth #NigeriaStartups #BusinessServicesNG #GrowYourBusiness #NigerianEntrepreneurs #BusinessSolutions #StartUpNigeria #ScaleYourBusiness #MadeInNigeria #SupportLocalBusiness #BusinessStrategy #FinancialFreedomNG #TaxAdvisory #RegulatoryCompliance #BusinessSuccess #EntrepreneurLife #AfricanBusiness"
